0 , 4660 , 2 , 15375 , 20037 , 2048 x 2048 , compute-662-1
0 , 4633 , 1 , 14945 , 19579 , 2048 x 2048 , compute-662-1
0 , 4615 , 2 , 15043 , 19661 , 2048 x 2048 , compute-662-1
0 , 4626 , 1 , 14794 , 19421 , 2048 x 2048 , compute-662-1
0 , 4605 , 2 , 15548 , 20155 , 2048 x 2048 , compute-662-1
0 , 4611 , 2 , 15237 , 19850 , 2048 x 2048 , compute-662-1
0 , 4598 , 1 , 15241 , 19840 , 2048 x 2048 , compute-662-1
0 , 4612 , 2 , 15113 , 19727 , 2048 x 2048 , compute-662-1
0 , 4589 , 1 , 15764 , 20354 , 2048 x 2048 , compute-662-1
0 , 4616 , 1 , 14810 , 19427 , 2048 x 2048 , compute-662-1
2 , 3215 , 1 , 8489 , 11705 , 2048 x 2048 , compute-662-1
2 , 3230 , 2 , 6646 , 9878 , 2048 x 2048 , compute-662-1
2 , 3192 , 2 , 6431 , 9625 , 2048 x 2048 , compute-662-1
2 , 3199 , 2 , 6147 , 9348 , 2048 x 2048 , compute-662-1
2 , 3152 , 1 , 6231 , 9384 , 2048 x 2048 , compute-662-1
2 , 3198 , 2 , 6434 , 9634 , 2048 x 2048 , compute-662-1
2 , 3191 , 2 , 6231 , 9424 , 2048 x 2048 , compute-662-1
2 , 3154 , 2 , 6127 , 9283 , 2048 x 2048 , compute-662-1
2 , 3205 , 2 , 6285 , 9492 , 2048 x 2048 , compute-662-1
2 , 3179 , 1 , 6141 , 9321 , 2048 x 2048 , compute-662-1
4 , 1975 , 2 , 3349 , 5326 , 2048 x 2048 , compute-662-1
4 , 1930 , 1 , 4283 , 6215 , 2048 x 2048 , compute-662-1
4 , 1950 , 1 , 3929 , 5880 , 2048 x 2048 , compute-662-1
4 , 1953 , 1 , 3454 , 5408 , 2048 x 2048 , compute-662-1
4 , 1989 , 2 , 3911 , 5902 , 2048 x 2048 , compute-662-1
4 , 1956 , 2 , 3758 , 5716 , 2048 x 2048 , compute-662-1
4 , 1951 , 2 , 3453 , 5407 , 2048 x 2048 , compute-662-1
4 , 1974 , 2 , 3971 , 5947 , 2048 x 2048 , compute-662-1
4 , 1926 , 2 , 3495 , 5423 , 2048 x 2048 , compute-662-1
4 , 1988 , 2 , 3769 , 5759 , 2048 x 2048 , compute-662-1
6 , 1570 , 2 , 2584 , 4156 , 2048 x 2048 , compute-662-1
6 , 1529 , 2 , 2661 , 4192 , 2048 x 2048 , compute-662-1
6 , 1517 , 1 , 2924 , 4442 , 2048 x 2048 , compute-662-1
6 , 1537 , 2 , 3120 , 4659 , 2048 x 2048 , compute-662-1
6 , 1505 , 1 , 3419 , 4925 , 2048 x 2048 , compute-662-1
6 , 1494 , 2 , 2929 , 4426 , 2048 x 2048 , compute-662-1
6 , 1521 , 2 , 3054 , 4577 , 2048 x 2048 , compute-662-1
6 , 1603 , 1 , 2748 , 4352 , 2048 x 2048 , compute-662-1
6 , 1513 , 2 , 2816 , 4331 , 2048 x 2048 , compute-662-1
6 , 1517 , 2 , 2914 , 4433 , 2048 x 2048 , compute-662-1
8 , 1635 , 2 , 2871 , 4508 , 2048 x 2048 , compute-662-1
8 , 1634 , 1 , 3084 , 4719 , 2048 x 2048 , compute-662-1
8 , 1630 , 1 , 2989 , 4621 , 2048 x 2048 , compute-662-1
8 , 1613 , 2 , 2079 , 3694 , 2048 x 2048 , compute-662-1
8 , 1335 , 1 , 3035 , 4371 , 2048 x 2048 , compute-662-1
8 , 1584 , 2 , 3232 , 4818 , 2048 x 2048 , compute-662-1
8 , 1620 , 2 , 2661 , 4283 , 2048 x 2048 , compute-662-1
8 , 1606 , 1 , 2260 , 3867 , 2048 x 2048 , compute-662-1
8 , 1611 , 2 , 2095 , 3708 , 2048 x 2048 , compute-662-1
8 , 1607 , 1 , 2592 , 4200 , 2048 x 2048 , compute-662-1
10 , 1516 , 2 , 2463 , 3981 , 2048 x 2048 , compute-662-1
10 , 1558 , 2 , 2161 , 3721 , 2048 x 2048 , compute-662-1
10 , 1646 , 1 , 2144 , 3791 , 2048 x 2048 , compute-662-1
10 , 1628 , 2 , 2204 , 3835 , 2048 x 2048 , compute-662-1
10 , 1645 , 1 , 2321 , 3967 , 2048 x 2048 , compute-662-1
10 , 1583 , 2 , 2651 , 4236 , 2048 x 2048 , compute-662-1
10 , 1672 , 2 , 2190 , 3864 , 2048 x 2048 , compute-662-1
10 , 1567 , 2 , 2264 , 3833 , 2048 x 2048 , compute-662-1
10 , 1566 , 1 , 2384 , 3951 , 2048 x 2048 , compute-662-1
10 , 1719 , 2 , 2316 , 4037 , 2048 x 2048 , compute-662-1
12 , 1636 , 2 , 2470 , 4108 , 2048 x 2048 , compute-662-1
12 , 1647 , 1 , 2411 , 4059 , 2048 x 2048 , compute-662-1
12 , 1578 , 2 , 2198 , 3778 , 2048 x 2048 , compute-662-1
12 , 1653 , 2 , 2177 , 3832 , 2048 x 2048 , compute-662-1
12 , 1603 , 1 , 2267 , 3871 , 2048 x 2048 , compute-662-1
12 , 1553 , 1 , 2375 , 3929 , 2048 x 2048 , compute-662-1
12 , 1642 , 2 , 2470 , 4114 , 2048 x 2048 , compute-662-1
12 , 1585 , 1 , 2084 , 3670 , 2048 x 2048 , compute-662-1
12 , 1639 , 1 , 2622 , 4262 , 2048 x 2048 , compute-662-1
12 , 1586 , 2 , 2385 , 3973 , 2048 x 2048 , compute-662-1
14 , 1484 , 1 , 2778 , 4263 , 2048 x 2048 , compute-662-1
14 , 1462 , 2 , 3189 , 4653 , 2048 x 2048 , compute-662-1
14 , 1416 , 2 , 2933 , 4351 , 2048 x 2048 , compute-662-1
14 , 1454 , 2 , 3100 , 4556 , 2048 x 2048 , compute-662-1
14 , 1460 , 1 , 2770 , 4231 , 2048 x 2048 , compute-662-1
14 , 1522 , 2 , 2912 , 4437 , 2048 x 2048 , compute-662-1
14 , 1493 , 2 , 3007 , 4502 , 2048 x 2048 , compute-662-1
14 , 1595 , 2 , 2566 , 4164 , 2048 x 2048 , compute-662-1
14 , 1465 , 2 , 2484 , 3951 , 2048 x 2048 , compute-662-1
14 , 1462 , 1 , 3050 , 4513 , 2048 x 2048 , compute-662-1
16 , 1924 , 2 , 3132 , 5058 , 2048 x 2048 , compute-662-1
16 , 1703 , 1 , 2658 , 4362 , 2048 x 2048 , compute-662-1
16 , 1674 , 2 , 2405 , 4081 , 2048 x 2048 , compute-662-1
16 , 1623 , 2 , 3434 , 5059 , 2048 x 2048 , compute-662-1
16 , 1712 , 1 , 2562 , 4275 , 2048 x 2048 , compute-662-1
16 , 1705 , 1 , 4385 , 6091 , 2048 x 2048 , compute-662-1
16 , 1790 , 1 , 2650 , 4441 , 2048 x 2048 , compute-662-1
16 , 2096 , 1 , 2250 , 4348 , 2048 x 2048 , compute-662-1
16 , 1744 , 1 , 3768 , 5514 , 2048 x 2048 , compute-662-1
16 , 1741 , 1 , 2068 , 3811 , 2048 x 2048 , compute-662-1
18 , 1552 , 2 , 2667 , 4221 , 2048 x 2048 , compute-662-1
18 , 1559 , 2 , 3047 , 4608 , 2048 x 2048 , compute-662-1
18 , 1517 , 2 , 3642 , 5161 , 2048 x 2048 , compute-662-1
18 , 1508 , 1 , 3157 , 4666 , 2048 x 2048 , compute-662-1
18 , 1528 , 2 , 3705 , 5235 , 2048 x 2048 , compute-662-1
18 , 1635 , 2 , 2655 , 4292 , 2048 x 2048 , compute-662-1
18 , 1538 , 2 , 2980 , 4520 , 2048 x 2048 , compute-662-1
18 , 1533 , 2 , 3232 , 4767 , 2048 x 2048 , compute-662-1
18 , 1563 , 1 , 3398 , 4962 , 2048 x 2048 , compute-662-1
18 , 1554 , 1 , 3214 , 4770 , 2048 x 2048 , compute-662-1
20 , 1558 , 2 , 3252 , 4812 , 2048 x 2048 , compute-662-1
20 , 1726 , 2 , 2759 , 4487 , 2048 x 2048 , compute-662-1
20 , 1546 , 2 , 3404 , 4952 , 2048 x 2048 , compute-662-1
20 , 1561 , 2 , 3380 , 4943 , 2048 x 2048 , compute-662-1
20 , 1569 , 2 , 3736 , 5307 , 2048 x 2048 , compute-662-1
20 , 1555 , 2 , 3477 , 5034 , 2048 x 2048 , compute-662-1
20 , 1591 , 2 , 3283 , 4876 , 2048 x 2048 , compute-662-1
20 , 1567 , 1 , 3191 , 4759 , 2048 x 2048 , compute-662-1
20 , 1563 , 1 , 3430 , 4994 , 2048 x 2048 , compute-662-1
20 , 1571 , 1 , 4031 , 5603 , 2048 x 2048 , compute-662-1
22 , 1633 , 2 , 3876 , 5512 , 2048 x 2048 , compute-662-1
22 , 1631 , 2 , 3787 , 5420 , 2048 x 2048 , compute-662-1
22 , 1742 , 1 , 3174 , 4917 , 2048 x 2048 , compute-662-1
22 , 1655 , 1 , 3693 , 5349 , 2048 x 2048 , compute-662-1
22 , 1684 , 2 , 3729 , 5415 , 2048 x 2048 , compute-662-1
22 , 1706 , 1 , 3416 , 5123 , 2048 x 2048 , compute-662-1
22 , 1643 , 2 , 3780 , 5425 , 2048 x 2048 , compute-662-1
22 , 1647 , 2 , 3859 , 5508 , 2048 x 2048 , compute-662-1
22 , 1654 , 1 , 3814 , 5469 , 2048 x 2048 , compute-662-1
22 , 1655 , 2 , 3793 , 5450 , 2048 x 2048 , compute-662-1
24 , 1649 , 2 , 3756 , 5407 , 2048 x 2048 , compute-662-1
24 , 1602 , 2 , 3725 , 5329 , 2048 x 2048 , compute-662-1
24 , 1704 , 2 , 3946 , 5653 , 2048 x 2048 , compute-662-1
24 , 1666 , 2 , 4200 , 5868 , 2048 x 2048 , compute-662-1
24 , 1668 , 2 , 3869 , 5540 , 2048 x 2048 , compute-662-1
24 , 1640 , 2 , 4023 , 5666 , 2048 x 2048 , compute-662-1
24 , 1691 , 2 , 3961 , 5654 , 2048 x 2048 , compute-662-1
24 , 1650 , 2 , 4403 , 6055 , 2048 x 2048 , compute-662-1
24 , 1686 , 2 , 3982 , 5670 , 2048 x 2048 , compute-662-1
24 , 1652 , 2 , 3800 , 5454 , 2048 x 2048 , compute-662-1
0 , 19733 , 2 , 62803 , 82538 , 4096 x 4096 , compute-662-1
0 , 19759 , 3 , 61264 , 81026 , 4096 x 4096 , compute-662-1
0 , 19749 , 3 , 61404 , 81156 , 4096 x 4096 , compute-662-1
0 , 19775 , 3 , 60683 , 80461 , 4096 x 4096 , compute-662-1
0 , 19736 , 3 , 61420 , 81159 , 4096 x 4096 , compute-662-1
0 , 19783 , 2 , 61644 , 81429 , 4096 x 4096 , compute-662-1
0 , 19735 , 3 , 60919 , 80658 , 4096 x 4096 , compute-662-1
0 , 19788 , 2 , 61534 , 81324 , 4096 x 4096 , compute-662-1
0 , 19742 , 3 , 60709 , 80454 , 4096 x 4096 , compute-662-1
0 , 19763 , 2 , 60668 , 80434 , 4096 x 4096 , compute-662-1
2 , 13545 , 3 , 30415 , 43963 , 4096 x 4096 , compute-662-1
2 , 13541 , 2 , 30233 , 43776 , 4096 x 4096 , compute-662-1
2 , 13549 , 2 , 30793 , 44344 , 4096 x 4096 , compute-662-1
2 , 13539 , 2 , 31177 , 44718 , 4096 x 4096 , compute-662-1
2 , 13539 , 3 , 30404 , 43946 , 4096 x 4096 , compute-662-1
2 , 13551 , 3 , 30868 , 44422 , 4096 x 4096 , compute-662-1
2 , 13494 , 3 , 29651 , 43148 , 4096 x 4096 , compute-662-1
2 , 13582 , 3 , 30479 , 44064 , 4096 x 4096 , compute-662-1
2 , 13566 , 2 , 31094 , 44662 , 4096 x 4096 , compute-662-1
2 , 13516 , 3 , 30597 , 44117 , 4096 x 4096 , compute-662-1
4 , 8271 , 2 , 16454 , 24727 , 4096 x 4096 , compute-662-1
4 , 8185 , 2 , 16150 , 24337 , 4096 x 4096 , compute-662-1
4 , 8184 , 3 , 15597 , 23784 , 4096 x 4096 , compute-662-1
4 , 8246 , 3 , 15751 , 24000 , 4096 x 4096 , compute-662-1
4 , 8219 , 3 , 15757 , 23980 , 4096 x 4096 , compute-662-1
4 , 7090 , 3 , 16556 , 23649 , 4096 x 4096 , compute-662-1
4 , 8231 , 3 , 16087 , 24321 , 4096 x 4096 , compute-662-1
4 , 8150 , 2 , 16417 , 24569 , 4096 x 4096 , compute-662-1
4 , 7778 , 2 , 16251 , 24031 , 4096 x 4096 , compute-662-1
4 , 7789 , 2 , 15675 , 23466 , 4096 x 4096 , compute-662-1
6 , 5417 , 3 , 10690 , 16111 , 4096 x 4096 , compute-662-1
6 , 6491 , 2 , 11148 , 17641 , 4096 x 4096 , compute-662-1
6 , 6522 , 2 , 11153 , 17677 , 4096 x 4096 , compute-662-1
6 , 6676 , 2 , 11315 , 17993 , 4096 x 4096 , compute-662-1
6 , 6489 , 2 , 11094 , 17585 , 4096 x 4096 , compute-662-1
6 , 6628 , 2 , 11110 , 17740 , 4096 x 4096 , compute-662-1
6 , 6673 , 3 , 11454 , 18131 , 4096 x 4096 , compute-662-1
6 , 8498 , 3 , 17579 , 26080 , 4096 x 4096 , compute-662-1
6 , 5962 , 2 , 10697 , 16661 , 4096 x 4096 , compute-662-1
6 , 6489 , 2 , 11110 , 17601 , 4096 x 4096 , compute-662-1
8 , 7042 , 2 , 9615 , 16659 , 4096 x 4096 , compute-662-1
8 , 7058 , 3 , 8874 , 15935 , 4096 x 4096 , compute-662-1
8 , 7053 , 2 , 9349 , 16405 , 4096 x 4096 , compute-662-1
8 , 6799 , 2 , 9554 , 16355 , 4096 x 4096 , compute-662-1
8 , 6883 , 2 , 8854 , 15739 , 4096 x 4096 , compute-662-1
8 , 6867 , 2 , 8807 , 15676 , 4096 x 4096 , compute-662-1
8 , 10196 , 2 , 12760 , 22959 , 4096 x 4096 , compute-662-1
8 , 6684 , 3 , 9158 , 15845 , 4096 x 4096 , compute-662-1
8 , 6703 , 2 , 9836 , 16541 , 4096 x 4096 , compute-662-1
8 , 7028 , 2 , 8903 , 15933 , 4096 x 4096 , compute-662-1
10 , 6251 , 2 , 7902 , 14156 , 4096 x 4096 , compute-662-1
10 , 6325 , 3 , 7710 , 14038 , 4096 x 4096 , compute-662-1
10 , 6476 , 2 , 8074 , 14552 , 4096 x 4096 , compute-662-1
10 , 6366 , 3 , 7357 , 13726 , 4096 x 4096 , compute-662-1
10 , 6426 , 3 , 8067 , 14496 , 4096 x 4096 , compute-662-1
10 , 5718 , 2 , 7599 , 13319 , 4096 x 4096 , compute-662-1
10 , 6516 , 3 , 7721 , 14240 , 4096 x 4096 , compute-662-1
10 , 6311 , 3 , 8061 , 14375 , 4096 x 4096 , compute-662-1
10 , 5815 , 3 , 7819 , 13638 , 4096 x 4096 , compute-662-1
10 , 6197 , 2 , 7669 , 13868 , 4096 x 4096 , compute-662-1
12 , 6348 , 2 , 7292 , 13642 , 4096 x 4096 , compute-662-1
12 , 6465 , 2 , 7122 , 13589 , 4096 x 4096 , compute-662-1
12 , 6618 , 3 , 7239 , 13860 , 4096 x 4096 , compute-662-1
12 , 6571 , 2 , 7276 , 13850 , 4096 x 4096 , compute-662-1
12 , 5764 , 2 , 7409 , 13175 , 4096 x 4096 , compute-662-1
12 , 6581 , 2 , 6864 , 13447 , 4096 x 4096 , compute-662-1
12 , 6351 , 3 , 7119 , 13473 , 4096 x 4096 , compute-662-1
12 , 6654 , 3 , 7292 , 13949 , 4096 x 4096 , compute-662-1
12 , 6794 , 2 , 7333 , 14130 , 4096 x 4096 , compute-662-1
12 , 6542 , 3 , 7458 , 14003 , 4096 x 4096 , compute-662-1
14 , 5817 , 2 , 7218 , 13037 , 4096 x 4096 , compute-662-1
14 , 5964 , 3 , 7511 , 13478 , 4096 x 4096 , compute-662-1
14 , 6042 , 2 , 7597 , 13642 , 4096 x 4096 , compute-662-1
14 , 5858 , 2 , 6907 , 12768 , 4096 x 4096 , compute-662-1
14 , 4528 , 3 , 6250 , 10781 , 4096 x 4096 , compute-662-1
14 , 4894 , 3 , 6426 , 11323 , 4096 x 4096 , compute-662-1
14 , 5738 , 3 , 6655 , 12396 , 4096 x 4096 , compute-662-1
14 , 5063 , 2 , 6817 , 11882 , 4096 x 4096 , compute-662-1
14 , 4546 , 4 , 6552 , 11102 , 4096 x 4096 , compute-662-1
14 , 4999 , 3 , 6656 , 11659 , 4096 x 4096 , compute-662-1
16 , 5950 , 2 , 5874 , 11826 , 4096 x 4096 , compute-662-1
16 , 7677 , 3 , 8221 , 15901 , 4096 x 4096 , compute-662-1
16 , 8118 , 3 , 7775 , 15897 , 4096 x 4096 , compute-662-1
16 , 7709 , 2 , 9113 , 16824 , 4096 x 4096 , compute-662-1
16 , 6583 , 3 , 7556 , 14142 , 4096 x 4096 , compute-662-1
16 , 4790 , 3 , 7594 , 12388 , 4096 x 4096 , compute-662-1
16 , 4834 , 3 , 8147 , 12984 , 4096 x 4096 , compute-662-1
16 , 5242 , 3 , 8231 , 13476 , 4096 x 4096 , compute-662-1
16 , 8372 , 2 , 8840 , 17214 , 4096 x 4096 , compute-662-1
16 , 8119 , 2 , 9207 , 17328 , 4096 x 4096 , compute-662-1
18 , 6683 , 2 , 8527 , 15213 , 4096 x 4096 , compute-662-1
18 , 6656 , 3 , 8610 , 15269 , 4096 x 4096 , compute-662-1
18 , 6649 , 2 , 8575 , 15226 , 4096 x 4096 , compute-662-1
18 , 6508 , 2 , 8435 , 14945 , 4096 x 4096 , compute-662-1
18 , 6515 , 2 , 8650 , 15167 , 4096 x 4096 , compute-662-1
18 , 6572 , 2 , 8574 , 15149 , 4096 x 4096 , compute-662-1
18 , 6451 , 3 , 8516 , 14970 , 4096 x 4096 , compute-662-1
18 , 6571 , 2 , 8808 , 15382 , 4096 x 4096 , compute-662-1
18 , 7023 , 3 , 8543 , 15569 , 4096 x 4096 , compute-662-1
18 , 6391 , 3 , 8198 , 14592 , 4096 x 4096 , compute-662-1
20 , 6747 , 2 , 9018 , 15767 , 4096 x 4096 , compute-662-1
20 , 6637 , 3 , 9551 , 16191 , 4096 x 4096 , compute-662-1
20 , 6782 , 2 , 9423 , 16207 , 4096 x 4096 , compute-662-1
20 , 5104 , 3 , 7277 , 12384 , 4096 x 4096 , compute-662-1
20 , 6198 , 2 , 11073 , 17273 , 4096 x 4096 , compute-662-1
20 , 6792 , 3 , 9286 , 16081 , 4096 x 4096 , compute-662-1
20 , 4506 , 3 , 8365 , 12874 , 4096 x 4096 , compute-662-1
20 , 6516 , 3 , 8820 , 15340 , 4096 x 4096 , compute-662-1
20 , 6880 , 3 , 9859 , 16742 , 4096 x 4096 , compute-662-1
20 , 7457 , 2 , 9247 , 16706 , 4096 x 4096 , compute-662-1
22 , 5992 , 2 , 8134 , 14128 , 4096 x 4096 , compute-662-1
22 , 7307 , 3 , 7866 , 15177 , 4096 x 4096 , compute-662-1
22 , 6634 , 3 , 10576 , 17213 , 4096 x 4096 , compute-662-1
22 , 7071 , 3 , 8840 , 15914 , 4096 x 4096 , compute-662-1
22 , 7342 , 2 , 8513 , 15857 , 4096 x 4096 , compute-662-1
22 , 7171 , 3 , 8769 , 15943 , 4096 x 4096 , compute-662-1
22 , 6683 , 2 , 9756 , 16441 , 4096 x 4096 , compute-662-1
22 , 7041 , 3 , 10458 , 17502 , 4096 x 4096 , compute-662-1
22 , 6643 , 3 , 10034 , 16680 , 4096 x 4096 , compute-662-1
22 , 7294 , 2 , 9883 , 17179 , 4096 x 4096 , compute-662-1
24 , 7094 , 2 , 11459 , 18556 , 4096 x 4096 , compute-662-1
24 , 6839 , 3 , 11106 , 17949 , 4096 x 4096 , compute-662-1
24 , 7057 , 3 , 10455 , 17515 , 4096 x 4096 , compute-662-1
24 , 7152 , 3 , 11585 , 18740 , 4096 x 4096 , compute-662-1
24 , 6919 , 2 , 11707 , 18628 , 4096 x 4096 , compute-662-1
24 , 6897 , 3 , 11476 , 18376 , 4096 x 4096 , compute-662-1
24 , 6907 , 2 , 10955 , 17864 , 4096 x 4096 , compute-662-1
24 , 7138 , 2 , 10969 , 18109 , 4096 x 4096 , compute-662-1
24 , 7003 , 3 , 11984 , 18990 , 4096 x 4096 , compute-662-1
24 , 6940 , 3 , 10591 , 17534 , 4096 x 4096 , compute-662-1
0 , 84860 , 3 , 251054 , 335917 , 8192 x 8192 , compute-662-1
0 , 77726 , 2 , 249706 , 327434 , 8192 x 8192 , compute-662-1
0 , 83619 , 2 , 247831 , 331452 , 8192 x 8192 , compute-662-1
0 , 84957 , 3 , 248731 , 333692 , 8192 x 8192 , compute-662-1
0 , 77788 , 2 , 243395 , 321185 , 8192 x 8192 , compute-662-1
0 , 77729 , 2 , 244625 , 322356 , 8192 x 8192 , compute-662-1
0 , 87966 , 3 , 250828 , 338797 , 8192 x 8192 , compute-662-1
0 , 77720 , 3 , 244145 , 321868 , 8192 x 8192 , compute-662-1
0 , 83303 , 2 , 247799 , 331104 , 8192 x 8192 , compute-662-1
0 , 77728 , 2 , 244263 , 321993 , 8192 x 8192 , compute-662-1
2 , 52650 , 3 , 121648 , 174301 , 8192 x 8192 , compute-662-1
2 , 52626 , 2 , 121208 , 173836 , 8192 x 8192 , compute-662-1
2 , 52452 , 2 , 122108 , 174563 , 8192 x 8192 , compute-662-1
2 , 52946 , 2 , 121399 , 174347 , 8192 x 8192 , compute-662-1
2 , 53018 , 3 , 121282 , 174303 , 8192 x 8192 , compute-662-1
2 , 52992 , 3 , 121330 , 174326 , 8192 x 8192 , compute-662-1
2 , 53026 , 3 , 121460 , 174489 , 8192 x 8192 , compute-662-1
2 , 52979 , 3 , 121437 , 174419 , 8192 x 8192 , compute-662-1
2 , 52995 , 3 , 121068 , 174066 , 8192 x 8192 , compute-662-1
2 , 53053 , 3 , 120491 , 173547 , 8192 x 8192 , compute-662-1
4 , 29615 , 2 , 63028 , 92645 , 8192 x 8192 , compute-662-1
4 , 29726 , 3 , 62870 , 92600 , 8192 x 8192 , compute-662-1
4 , 29981 , 3 , 63110 , 93094 , 8192 x 8192 , compute-662-1
4 , 29856 , 3 , 62358 , 92217 , 8192 x 8192 , compute-662-1
4 , 29684 , 2 , 63074 , 92760 , 8192 x 8192 , compute-662-1
4 , 29693 , 3 , 62508 , 92204 , 8192 x 8192 , compute-662-1
4 , 29904 , 2 , 63486 , 93392 , 8192 x 8192 , compute-662-1
4 , 26963 , 3 , 62266 , 89232 , 8192 x 8192 , compute-662-1
4 , 29705 , 3 , 62634 , 92342 , 8192 x 8192 , compute-662-1
4 , 29739 , 2 , 63374 , 93115 , 8192 x 8192 , compute-662-1
6 , 22159 , 3 , 42905 , 65067 , 8192 x 8192 , compute-662-1
6 , 22132 , 3 , 42604 , 64739 , 8192 x 8192 , compute-662-1
6 , 19241 , 3 , 42774 , 62019 , 8192 x 8192 , compute-662-1
6 , 22273 , 2 , 43249 , 65525 , 8192 x 8192 , compute-662-1
6 , 18919 , 3 , 42820 , 61742 , 8192 x 8192 , compute-662-1
6 , 22052 , 3 , 43174 , 65230 , 8192 x 8192 , compute-662-1
6 , 22306 , 2 , 42658 , 64966 , 8192 x 8192 , compute-662-1
6 , 21929 , 3 , 43170 , 65102 , 8192 x 8192 , compute-662-1
6 , 21032 , 3 , 42705 , 63740 , 8192 x 8192 , compute-662-1
6 , 22002 , 2 , 43238 , 65242 , 8192 x 8192 , compute-662-1
8 , 21864 , 2 , 35205 , 57071 , 8192 x 8192 , compute-662-1
8 , 19970 , 2 , 34312 , 54284 , 8192 x 8192 , compute-662-1
8 , 18657 , 4 , 33768 , 52429 , 8192 x 8192 , compute-662-1
8 , 21475 , 2 , 34569 , 56046 , 8192 x 8192 , compute-662-1
8 , 20567 , 3 , 34277 , 54848 , 8192 x 8192 , compute-662-1
8 , 20384 , 4 , 33735 , 54123 , 8192 x 8192 , compute-662-1
8 , 21396 , 2 , 34736 , 56134 , 8192 x 8192 , compute-662-1
8 , 21796 , 3 , 34848 , 56648 , 8192 x 8192 , compute-662-1
8 , 16439 , 3 , 33822 , 50264 , 8192 x 8192 , compute-662-1
8 , 17643 , 3 , 33585 , 51231 , 8192 x 8192 , compute-662-1
10 , 20446 , 3 , 28299 , 48748 , 8192 x 8192 , compute-662-1
10 , 20570 , 3 , 28898 , 49471 , 8192 x 8192 , compute-662-1
10 , 20849 , 2 , 28420 , 49271 , 8192 x 8192 , compute-662-1
10 , 20527 , 2 , 28438 , 48967 , 8192 x 8192 , compute-662-1
10 , 17162 , 3 , 28178 , 45343 , 8192 x 8192 , compute-662-1
10 , 20569 , 3 , 28650 , 49222 , 8192 x 8192 , compute-662-1
10 , 16705 , 3 , 27064 , 43772 , 8192 x 8192 , compute-662-1
10 , 17015 , 2 , 28694 , 45711 , 8192 x 8192 , compute-662-1
10 , 19319 , 3 , 28318 , 47640 , 8192 x 8192 , compute-662-1
10 , 20507 , 3 , 28798 , 49308 , 8192 x 8192 , compute-662-1
12 , 20818 , 2 , 26172 , 46992 , 8192 x 8192 , compute-662-1
12 , 20748 , 2 , 26503 , 47253 , 8192 x 8192 , compute-662-1
12 , 21123 , 3 , 26109 , 47235 , 8192 x 8192 , compute-662-1
12 , 20882 , 3 , 26412 , 47298 , 8192 x 8192 , compute-662-1
12 , 20787 , 2 , 26508 , 47297 , 8192 x 8192 , compute-662-1
12 , 21101 , 2 , 26977 , 48080 , 8192 x 8192 , compute-662-1
12 , 21079 , 3 , 26892 , 47974 , 8192 x 8192 , compute-662-1
12 , 21188 , 3 , 27040 , 48231 , 8192 x 8192 , compute-662-1
12 , 20790 , 3 , 27147 , 47940 , 8192 x 8192 , compute-662-1
12 , 17374 , 3 , 25522 , 42899 , 8192 x 8192 , compute-662-1
14 , 19736 , 3 , 27393 , 47132 , 8192 x 8192 , compute-662-1
14 , 19800 , 3 , 27064 , 46867 , 8192 x 8192 , compute-662-1
14 , 19822 , 3 , 27818 , 47644 , 8192 x 8192 , compute-662-1
14 , 19685 , 3 , 27688 , 47376 , 8192 x 8192 , compute-662-1
14 , 19694 , 3 , 28084 , 47781 , 8192 x 8192 , compute-662-1
14 , 19538 , 2 , 28851 , 48391 , 8192 x 8192 , compute-662-1
14 , 19086 , 2 , 32378 , 51466 , 8192 x 8192 , compute-662-1
14 , 19876 , 3 , 27754 , 47633 , 8192 x 8192 , compute-662-1
14 , 19759 , 3 , 28006 , 47768 , 8192 x 8192 , compute-662-1
14 , 19694 , 4 , 28379 , 48077 , 8192 x 8192 , compute-662-1
16 , 22396 , 2 , 30876 , 53274 , 8192 x 8192 , compute-662-1
16 , 22635 , 2 , 31113 , 53750 , 8192 x 8192 , compute-662-1
16 , 22144 , 2 , 31301 , 53447 , 8192 x 8192 , compute-662-1
16 , 21691 , 2 , 31889 , 53582 , 8192 x 8192 , compute-662-1
16 , 22650 , 3 , 31908 , 54561 , 8192 x 8192 , compute-662-1
16 , 22703 , 3 , 32400 , 55106 , 8192 x 8192 , compute-662-1
16 , 21300 , 2 , 31106 , 52408 , 8192 x 8192 , compute-662-1
16 , 22381 , 2 , 32768 , 55151 , 8192 x 8192 , compute-662-1
16 , 21901 , 2 , 32004 , 53907 , 8192 x 8192 , compute-662-1
16 , 21890 , 3 , 31062 , 52955 , 8192 x 8192 , compute-662-1
18 , 20026 , 3 , 33081 , 53111 , 8192 x 8192 , compute-662-1
18 , 20100 , 3 , 34453 , 54556 , 8192 x 8192 , compute-662-1
18 , 19984 , 4 , 33431 , 53419 , 8192 x 8192 , compute-662-1
18 , 19742 , 3 , 34506 , 54251 , 8192 x 8192 , compute-662-1
18 , 20048 , 2 , 33063 , 53113 , 8192 x 8192 , compute-662-1
18 , 20022 , 3 , 32776 , 52801 , 8192 x 8192 , compute-662-1
18 , 20023 , 3 , 33016 , 53042 , 8192 x 8192 , compute-662-1
18 , 19898 , 4 , 34886 , 54788 , 8192 x 8192 , compute-662-1
18 , 20061 , 3 , 32750 , 52814 , 8192 x 8192 , compute-662-1
18 , 20010 , 3 , 33048 , 53061 , 8192 x 8192 , compute-662-1
20 , 20760 , 2 , 31804 , 52566 , 8192 x 8192 , compute-662-1
20 , 20191 , 2 , 37301 , 57494 , 8192 x 8192 , compute-662-1
20 , 20080 , 4 , 36991 , 57075 , 8192 x 8192 , compute-662-1
20 , 20782 , 3 , 31334 , 52119 , 8192 x 8192 , compute-662-1
20 , 20290 , 3 , 37271 , 57565 , 8192 x 8192 , compute-662-1
20 , 19961 , 2 , 37696 , 57659 , 8192 x 8192 , compute-662-1
20 , 20054 , 2 , 37809 , 57865 , 8192 x 8192 , compute-662-1
20 , 20319 , 3 , 36502 , 56824 , 8192 x 8192 , compute-662-1
20 , 20117 , 2 , 37958 , 58078 , 8192 x 8192 , compute-662-1
20 , 20218 , 3 , 37400 , 57621 , 8192 x 8192 , compute-662-1
22 , 20273 , 2 , 41185 , 61460 , 8192 x 8192 , compute-662-1
22 , 20024 , 3 , 38969 , 58996 , 8192 x 8192 , compute-662-1
22 , 20540 , 3 , 39719 , 60262 , 8192 x 8192 , compute-662-1
22 , 20269 , 2 , 42375 , 62646 , 8192 x 8192 , compute-662-1
22 , 20220 , 3 , 44922 , 65145 , 8192 x 8192 , compute-662-1
22 , 20337 , 3 , 39460 , 59800 , 8192 x 8192 , compute-662-1
22 , 20373 , 3 , 41414 , 61790 , 8192 x 8192 , compute-662-1
22 , 20512 , 2 , 39965 , 60479 , 8192 x 8192 , compute-662-1
22 , 20850 , 3 , 42694 , 63547 , 8192 x 8192 , compute-662-1
22 , 20302 , 3 , 44541 , 64846 , 8192 x 8192 , compute-662-1
24 , 21554 , 3 , 44848 , 66406 , 8192 x 8192 , compute-662-1
24 , 21278 , 3 , 42144 , 63425 , 8192 x 8192 , compute-662-1
24 , 21494 , 4 , 44993 , 66491 , 8192 x 8192 , compute-662-1
24 , 21635 , 3 , 46108 , 67747 , 8192 x 8192 , compute-662-1
24 , 21237 , 3 , 44417 , 65657 , 8192 x 8192 , compute-662-1
24 , 21416 , 2 , 45659 , 67077 , 8192 x 8192 , compute-662-1
24 , 17103 , 3 , 42554 , 59660 , 8192 x 8192 , compute-662-1
24 , 13859 , 3 , 41368 , 55230 , 8192 x 8192 , compute-662-1
24 , 21586 , 2 , 47928 , 69516 , 8192 x 8192 , compute-662-1
24 , 21221 , 2 , 48080 , 69303 , 8192 x 8192 , compute-662-1
